bn:00082121v	bn:00083932v	Verb Group
bn:00082121v	bn:00087459v	Verb Group
bn:00082127v	bn:00086185v	Verb Group
bn:00082138v	bn:00094573v	Verb Group
bn:00082139v	bn:00082379v	Verb Group
bn:00082139v	bn:00088435v	Verb Group
bn:00082145v	bn:00086594v	Verb Group
bn:00082162v	bn:00082163v	Verb Group
bn:00082163v	bn:00082162v	Verb Group
bn:00082175v	bn:00089597v	Verb Group
bn:00082197v	bn:00082200v	Verb Group
bn:00082198v	bn:00089246v	Verb Group
bn:00082200v	bn:00082197v	Verb Group
bn:00082201v	bn:00082370v	Verb Group
bn:00082217v	bn:00085698v	Verb Group
bn:00082225v	bn:00084595v	Verb Group
bn:00082227v	bn:00082477v	Verb Group
bn:00082230v	bn:00089459v	Verb Group
bn:00082244v	bn:00086760v	Verb Group
bn:00082244v	bn:00087990v	Verb Group
bn:00082273v	bn:00082274v	Verb Group
bn:00082274v	bn:00082273v	Verb Group
bn:00082276v	bn:00088208v	Verb Group
bn:00082278v	bn:00082282v	Verb Group
bn:00082282v	bn:00082278v	Verb Group
bn:00082282v	bn:00086735v	Verb Group
bn:00082282v	bn:00086741v	Verb Group
bn:00082282v	bn:00086747v	Verb Group
bn:00082286v	bn:00082289v	Verb Group
bn:00082286v	bn:00082293v	Verb Group
bn:00082287v	bn:00082289v	Verb Group
bn:00082287v	bn:00082294v	Verb Group
bn:00082287v	bn:00091717v	Verb Group
bn:00082289v	bn:00082286v	Verb Group
bn:00082289v	bn:00082287v	Verb Group
bn:00082290v	bn:00082294v	Verb Group
bn:00082291v	bn:00084060v	Verb Group
bn:00082293v	bn:00082286v	Verb Group
bn:00082294v	bn:00082287v	Verb Group
bn:00082294v	bn:00082290v	Verb Group
bn:00082294v	bn:00091719v	Verb Group
bn:00082294v	bn:00091727v	Verb Group
bn:00082305v	bn:00090404v	Verb Group
bn:00082313v	bn:00082430v	Verb Group
bn:00082313v	bn:00090949v	Verb Group
bn:00082317v	bn:00082322v	Verb Group
bn:00082320v	bn:00082321v	Verb Group
bn:00082321v	bn:00082320v	Verb Group
bn:00082322v	bn:00082317v	Verb Group
bn:00082337v	bn:00084385v	Verb Group
bn:00082339v	bn:00085497v	Verb Group
bn:00082339v	bn:00087116v	Verb Group
bn:00082344v	bn:00082347v	Verb Group
bn:00082344v	bn:00094354v	Verb Group
bn:00082347v	bn:00082344v	Verb Group
bn:00082348v	bn:00085756v	Verb Group
bn:00082351v	bn:00093419v	Verb Group
bn:00082369v	bn:00082373v	Verb Group
bn:00082370v	bn:00082201v	Verb Group
bn:00082371v	bn:00082540v	Verb Group
bn:00082373v	bn:00082369v	Verb Group
bn:00082375v	bn:00095642v	Verb Group
bn:00082379v	bn:00082139v	Verb Group
bn:00082386v	bn:00091205v	Verb Group
bn:00082391v	bn:00087915v	Verb Group
bn:00082411v	bn:00083240v	Verb Group
bn:00082414v	bn:00082468v	Verb Group
bn:00082429v	bn:00090576v	Verb Group
bn:00082430v	bn:00082313v	Verb Group
bn:00082430v	bn:00085383v	Verb Group
bn:00082442v	bn:00088814v	Verb Group
bn:00082462v	bn:00082838v	Verb Group
bn:00082468v	bn:00082414v	Verb Group
bn:00082475v	bn:00082480v	Verb Group
bn:00082477v	bn:00082227v	Verb Group
bn:00082477v	bn:00084854v	Verb Group
bn:00082480v	bn:00082475v	Verb Group
bn:00082537v	bn:00082538v	Verb Group
bn:00082538v	bn:00082537v	Verb Group
bn:00082540v	bn:00082371v	Verb Group
bn:00082573v	bn:00082574v	Verb Group
bn:00082574v	bn:00082573v	Verb Group
bn:00082577v	bn:00082578v	Verb Group
bn:00082578v	bn:00082577v	Verb Group
bn:00082600v	bn:00082601v	Verb Group
bn:00082601v	bn:00082600v	Verb Group
bn:00082630v	bn:00085385v	Verb Group
bn:00082634v	bn:00086375v	Verb Group
bn:00082641v	bn:00084742v	Verb Group
bn:00082665v	bn:00082963v	Verb Group
bn:00082684v	bn:00087291v	Verb Group
bn:00082705v	bn:00082711v	Verb Group
bn:00082706v	bn:00082709v	Verb Group
bn:00082709v	bn:00082706v	Verb Group
bn:00082710v	bn:00088826v	Verb Group
bn:00082711v	bn:00082705v	Verb Group
bn:00082720v	bn:00082854v	Verb Group
bn:00082725v	bn:00082726v	Verb Group
bn:00082726v	bn:00082725v	Verb Group
bn:00082732v	bn:00082735v	Verb Group
bn:00082735v	bn:00082732v	Verb Group
bn:00082757v	bn:00086737v	Verb Group
bn:00082770v	bn:00084418v	Verb Group
bn:00082781v	bn:00086166v	Verb Group
bn:00082788v	bn:00088741v	Verb Group
bn:00082790v	bn:00090572v	Verb Group
bn:00082791v	bn:00085018v	Verb Group
bn:00082811v	bn:00082813v	Verb Group
bn:00082811v	bn:00086934v	Verb Group
bn:00082812v	bn:00082813v	Verb Group
bn:00082812v	bn:00084852v	Verb Group
bn:00082812v	bn:00084865v	Verb Group
bn:00082812v	bn:00085746v	Verb Group
bn:00082813v	bn:00082811v	Verb Group
bn:00082813v	bn:00082812v	Verb Group
bn:00082815v	bn:00089645v	Verb Group
bn:00082817v	bn:00082819v	Verb Group
bn:00082817v	bn:00082821v	Verb Group
bn:00082819v	bn:00082817v	Verb Group
bn:00082821v	bn:00082817v	Verb Group
bn:00082822v	bn:00085019v	Verb Group
bn:00082826v	bn:00082828v	Verb Group
bn:00082828v	bn:00082826v	Verb Group
bn:00082831v	bn:00082833v	Verb Group
bn:00082833v	bn:00082831v	Verb Group
bn:00082834v	bn:00087272v	Verb Group
bn:00082838v	bn:00082462v	Verb Group
bn:00082846v	bn:00085339v	Verb Group
bn:00082852v	bn:00082853v	Verb Group
bn:00082853v	bn:00082852v	Verb Group
bn:00082854v	bn:00082720v	Verb Group
bn:00082867v	bn:00093512v	Verb Group
bn:00082873v	bn:00088178v	Verb Group
bn:00082877v	bn:00089099v	Verb Group
bn:00082897v	bn:00093504v	Verb Group
bn:00082913v	bn:00082916v	Verb Group
bn:00082914v	bn:00082916v	Verb Group
bn:00082916v	bn:00082913v	Verb Group
bn:00082916v	bn:00082914v	Verb Group
bn:00082917v	bn:00085852v	Verb Group
bn:00082917v	bn:00087293v	Verb Group
bn:00082920v	bn:00086161v	Verb Group
bn:00082920v	bn:00087270v	Verb Group
bn:00082957v	bn:00088380v	Verb Group
bn:00082957v	bn:00088384v	Verb Group
bn:00082957v	bn:00088386v	Verb Group
bn:00082963v	bn:00082665v	Verb Group
bn:00082975v	bn:00089124v	Verb Group
bn:00082976v	bn:00094123v	Verb Group
bn:00082981v	bn:00082983v	Verb Group
bn:00082982v	bn:00082984v	Verb Group
bn:00082983v	bn:00082981v	Verb Group
bn:00082984v	bn:00082982v	Verb Group
bn:00082991v	bn:00087267v	Verb Group
bn:00082993v	bn:00088779v	Verb Group
bn:00083031v	bn:00083033v	Verb Group
bn:00083033v	bn:00083031v	Verb Group
bn:00083034v	bn:00083035v	Verb Group
bn:00083035v	bn:00083034v	Verb Group
bn:00083045v	bn:00083047v	Verb Group
bn:00083045v	bn:00083048v	Verb Group
bn:00083047v	bn:00083045v	Verb Group
bn:00083048v	bn:00083045v	Verb Group
bn:00083081v	bn:00090594v	Verb Group
bn:00083085v	bn:00089635v	Verb Group
bn:00083091v	bn:00083092v	Verb Group
bn:00083092v	bn:00083091v	Verb Group
bn:00083098v	bn:00083099v	Verb Group
bn:00083099v	bn:00083098v	Verb Group
bn:00083103v	bn:00083627v	Verb Group
bn:00083108v	bn:00083109v	Verb Group
bn:00083109v	bn:00083108v	Verb Group
bn:00083128v	bn:00083129v	Verb Group
bn:00083129v	bn:00083128v	Verb Group
bn:00083154v	bn:00083156v	Verb Group
bn:00083154v	bn:00083157v	Verb Group
bn:00083156v	bn:00083154v	Verb Group
bn:00083157v	bn:00083154v	Verb Group
bn:00083158v	bn:00088261v	Verb Group
bn:00083191v	bn:00087617v	Verb Group
bn:00083195v	bn:00087312v	Verb Group
bn:00083195v	bn:00088325v	Verb Group
bn:00083222v	bn:00083230v	Verb Group
bn:00083223v	bn:00083229v	Verb Group
bn:00083225v	bn:00085698v	Verb Group
bn:00083229v	bn:00083223v	Verb Group
bn:00083230v	bn:00083222v	Verb Group
bn:00083230v	bn:00087854v	Verb Group
bn:00083240v	bn:00082411v	Verb Group
bn:00083241v	bn:00087335v	Verb Group
bn:00083242v	bn:00085714v	Verb Group
bn:00083242v	bn:00085715v	Verb Group
bn:00083247v	bn:00083267v	Verb Group
bn:00083249v	bn:00083257v	Verb Group
bn:00083250v	bn:00083262v	Verb Group
bn:00083252v	bn:00083262v	Verb Group
bn:00083254v	bn:00083261v	Verb Group
bn:00083257v	bn:00083249v	Verb Group
bn:00083261v	bn:00083254v	Verb Group
bn:00083262v	bn:00083250v	Verb Group
bn:00083262v	bn:00083252v	Verb Group
bn:00083262v	bn:00083265v	Verb Group
bn:00083263v	bn:00092159v	Verb Group
bn:00083265v	bn:00083262v	Verb Group
bn:00083267v	bn:00083247v	Verb Group
bn:00083272v	bn:00087334v	Verb Group
bn:00083286v	bn:00089199v	Verb Group
bn:00083294v	bn:00084787v	Verb Group
bn:00083294v	bn:00095240v	Verb Group
bn:00083309v	bn:00085599v	Verb Group
bn:00083340v	bn:00083349v	Verb Group
bn:00083341v	bn:00083345v	Verb Group
bn:00083341v	bn:00083346v	Verb Group
bn:00083342v	bn:00083345v	Verb Group
bn:00083344v	bn:00083346v	Verb Group
bn:00083345v	bn:00083341v	Verb Group
bn:00083345v	bn:00083342v	Verb Group
bn:00083346v	bn:00083341v	Verb Group
bn:00083346v	bn:00083344v	Verb Group
bn:00083346v	bn:00083347v	Verb Group
bn:00083347v	bn:00083346v	Verb Group
bn:00083349v	bn:00083340v	Verb Group
bn:00083419v	bn:00091698v	Verb Group
bn:00083420v	bn:00088821v	Verb Group
bn:00083420v	bn:00090275v	Verb Group
bn:00083437v	bn:00084416v	Verb Group
bn:00083450v	bn:00091729v	Verb Group
bn:00083456v	bn:00093475v	Verb Group
bn:00083486v	bn:00084806v	Verb Group
bn:00083516v	bn:00084278v	Verb Group
bn:00083527v	bn:00091780v	Verb Group
bn:00083560v	bn:00083561v	Verb Group
bn:00083561v	bn:00083560v	Verb Group
bn:00083567v	bn:00089349v	Verb Group
bn:00083589v	bn:00090736v	Verb Group
bn:00083596v	bn:00088240v	Verb Group
bn:00083614v	bn:00083616v	Verb Group
bn:00083616v	bn:00083614v	Verb Group
bn:00083621v	bn:00094251v	Verb Group
bn:00083627v	bn:00083103v	Verb Group
bn:00083649v	bn:00087488v	Verb Group
bn:00083655v	bn:00083660v	Verb Group
bn:00083657v	bn:00083658v	Verb Group
bn:00083658v	bn:00083657v	Verb Group
bn:00083659v	bn:00083660v	Verb Group
bn:00083660v	bn:00083655v	Verb Group
bn:00083660v	bn:00083659v	Verb Group
bn:00083701v	bn:00085594v	Verb Group
bn:00083710v	bn:00083711v	Verb Group
bn:00083711v	bn:00083710v	Verb Group
bn:00083730v	bn:00083731v	Verb Group
bn:00083731v	bn:00083730v	Verb Group
bn:00083757v	bn:00087969v	Verb Group
bn:00083757v	bn:00087970v	Verb Group
bn:00083767v	bn:00085959v	Verb Group
bn:00083774v	bn:00092879v	Verb Group
bn:00083796v	bn:00087324v	Verb Group
bn:00083811v	bn:00083812v	Verb Group
bn:00083812v	bn:00083811v	Verb Group
bn:00083827v	bn:00083829v	Verb Group
bn:00083829v	bn:00083827v	Verb Group
bn:00083836v	bn:00088730v	Verb Group
bn:00083842v	bn:00092941v	Verb Group
bn:00083848v	bn:00091354v	Verb Group
bn:00083876v	bn:00083877v	Verb Group
bn:00083877v	bn:00083876v	Verb Group
bn:00083878v	bn:00083879v	Verb Group
bn:00083879v	bn:00083878v	Verb Group
bn:00083901v	bn:00083904v	Verb Group
bn:00083902v	bn:00083914v	Verb Group
bn:00083903v	bn:00083938v	Verb Group
bn:00083904v	bn:00083901v	Verb Group
bn:00083905v	bn:00083916v	Verb Group
bn:00083910v	bn:00083919v	Verb Group
bn:00083912v	bn:00083942v	Verb Group
bn:00083914v	bn:00083902v	Verb Group
bn:00083914v	bn:00084343v	Verb Group
bn:00083916v	bn:00083905v	Verb Group
bn:00083919v	bn:00083910v	Verb Group
bn:00083922v	bn:00083923v	Verb Group
bn:00083923v	bn:00083922v	Verb Group
bn:00083932v	bn:00082121v	Verb Group
bn:00083932v	bn:00084290v	Verb Group
bn:00083934v	bn:00083935v	Verb Group
bn:00083935v	bn:00083934v	Verb Group
bn:00083938v	bn:00083903v	Verb Group
bn:00083940v	bn:00083941v	Verb Group
bn:00083941v	bn:00083940v	Verb Group
bn:00083942v	bn:00083912v	Verb Group
bn:00083946v	bn:00083947v	Verb Group
bn:00083947v	bn:00083946v	Verb Group
bn:00083949v	bn:00086737v	Verb Group
bn:00083950v	bn:00084867v	Verb Group
bn:00083950v	bn:00085944v	Verb Group
bn:00083953v	bn:00088530v	Verb Group
bn:00083957v	bn:00085981v	Verb Group
bn:00083992v	bn:00087719v	Verb Group
bn:00083998v	bn:00086906v	Verb Group
bn:00084001v	bn:00086994v	Verb Group
bn:00084015v	bn:00094565v	Verb Group
bn:00084018v	bn:00092899v	Verb Group
bn:00084018v	bn:00092900v	Verb Group
bn:00084032v	bn:00084137v	Verb Group
bn:00084058v	bn:00084061v	Verb Group
bn:00084058v	bn:00084063v	Verb Group
bn:00084060v	bn:00082291v	Verb Group
bn:00084061v	bn:00084058v	Verb Group
bn:00084063v	bn:00084058v	Verb Group
bn:00084066v	bn:00084067v	Verb Group
bn:00084067v	bn:00084066v	Verb Group
bn:00084079v	bn:00086209v	Verb Group
bn:00084089v	bn:00085088v	Verb Group
bn:00084089v	bn:00090559v	Verb Group
bn:00084119v	bn:00084986v	Verb Group
bn:00084121v	bn:00087851v	Verb Group
bn:00084137v	bn:00084032v	Verb Group
bn:00084137v	bn:00089235v	Verb Group
bn:00084138v	bn:00094660v	Verb Group
bn:00084144v	bn:00084146v	Verb Group
bn:00084145v	bn:00086061v	Verb Group
bn:00084145v	bn:00092363v	Verb Group
bn:00084146v	bn:00084144v	Verb Group
bn:00084155v	bn:00084157v	Verb Group
bn:00084156v	bn:00084158v	Verb Group
bn:00084157v	bn:00084155v	Verb Group
bn:00084157v	bn:00093230v	Verb Group
bn:00084158v	bn:00084156v	Verb Group
bn:00084174v	bn:00086287v	Verb Group
bn:00084198v	bn:00084204v	Verb Group
bn:00084199v	bn:00084206v	Verb Group
bn:00084199v	bn:00084207v	Verb Group
bn:00084204v	bn:00084198v	Verb Group
bn:00084206v	bn:00084199v	Verb Group
bn:00084207v	bn:00084199v	Verb Group
bn:00084211v	bn:00086736v	Verb Group
bn:00084211v	bn:00086739v	Verb Group
bn:00084211v	bn:00086740v	Verb Group
bn:00084211v	bn:00086741v	Verb Group
bn:00084216v	bn:00084218v	Verb Group
bn:00084218v	bn:00084216v	Verb Group
bn:00084242v	bn:00085447v	Verb Group
bn:00084270v	bn:00084272v	Verb Group
bn:00084270v	bn:00084275v	Verb Group
bn:00084272v	bn:00084270v	Verb Group
bn:00084273v	bn:00084679v	Verb Group
bn:00084275v	bn:00084270v	Verb Group
bn:00084275v	bn:00089653v	Verb Group
bn:00084278v	bn:00083516v	Verb Group
bn:00084281v	bn:00086195v	Verb Group
bn:00084290v	bn:00083932v	Verb Group
bn:00084331v	bn:00084332v	Verb Group
bn:00084332v	bn:00084331v	Verb Group
bn:00084343v	bn:00083914v	Verb Group
bn:00084343v	bn:00086783v	Verb Group
bn:00084350v	bn:00090583v	Verb Group
bn:00084373v	bn:00095828v	Verb Group
bn:00084385v	bn:00082337v	Verb Group
bn:00084385v	bn:00084386v	Verb Group
bn:00084386v	bn:00084385v	Verb Group
bn:00084386v	bn:00084392v	Verb Group
bn:00084386v	bn:00084408v	Verb Group
bn:00084387v	bn:00084393v	Verb Group
bn:00084388v	bn:00084406v	Verb Group
bn:00084388v	bn:00084428v	Verb Group
bn:00084389v	bn:00084391v	Verb Group
bn:00084389v	bn:00084405v	Verb Group
bn:00084390v	bn:00084396v	Verb Group
bn:00084391v	bn:00084389v	Verb Group
bn:00084392v	bn:00084386v	Verb Group
bn:00084393v	bn:00084387v	Verb Group
bn:00084394v	bn:00084403v	Verb Group
bn:00084396v	bn:00084390v	Verb Group
bn:00084397v	bn:00084400v	Verb Group
bn:00084399v	bn:00084402v	Verb Group
bn:00084400v	bn:00084397v	Verb Group
bn:00084401v	bn:00084407v	Verb Group
bn:00084402v	bn:00084399v	Verb Group
bn:00084403v	bn:00084394v	Verb Group
bn:00084405v	bn:00084389v	Verb Group
bn:00084406v	bn:00084388v	Verb Group
bn:00084407v	bn:00084401v	Verb Group
bn:00084408v	bn:00084386v	Verb Group
bn:00084416v	bn:00083437v	Verb Group
bn:00084418v	bn:00082770v	Verb Group
bn:00084419v	bn:00084420v	Verb Group
bn:00084420v	bn:00084419v	Verb Group
bn:00084428v	bn:00084388v	Verb Group
bn:00084428v	bn:00084429v	Verb Group
bn:00084429v	bn:00084428v	Verb Group
bn:00084511v	bn:00084671v	Verb Group
bn:00084554v	bn:00084567v	Verb Group
bn:00084554v	bn:00084582v	Verb Group
bn:00084555v	bn:00084571v	Verb Group
bn:00084556v	bn:00084557v	Verb Group
bn:00084556v	bn:00084569v	Verb Group
bn:00084557v	bn:00084556v	Verb Group
bn:00084558v	bn:00084570v	Verb Group
bn:00084558v	bn:00084574v	Verb Group
bn:00084560v	bn:00087274v	Verb Group
bn:00084560v	bn:00087914v	Verb Group
bn:00084561v	bn:00084568v	Verb Group
bn:00084562v	bn:00084573v	Verb Group
bn:00084562v	bn:00084588v	Verb Group
bn:00084567v	bn:00084554v	Verb Group
bn:00084568v	bn:00084561v	Verb Group
bn:00084569v	bn:00084556v	Verb Group
bn:00084570v	bn:00084558v	Verb Group
bn:00084571v	bn:00084555v	Verb Group
bn:00084573v	bn:00084562v	Verb Group
bn:00084574v	bn:00084558v	Verb Group
bn:00084578v	bn:00084579v	Verb Group
bn:00084579v	bn:00084578v	Verb Group
bn:00084581v	bn:00084584v	Verb Group
bn:00084582v	bn:00084554v	Verb Group
bn:00084584v	bn:00084581v	Verb Group
bn:00084585v	bn:00084586v	Verb Group
bn:00084586v	bn:00084585v	Verb Group
bn:00084587v	bn:00084588v	Verb Group
bn:00084588v	bn:00084562v	Verb Group
bn:00084588v	bn:00084587v	Verb Group
bn:00084595v	bn:00082225v	Verb Group
bn:00084626v	bn:00084628v	Verb Group
bn:00084628v	bn:00084626v	Verb Group
bn:00084629v	bn:00087308v	Verb Group
bn:00084629v	bn:00095624v	Verb Group
bn:00084651v	bn:00084674v	Verb Group
bn:00084654v	bn:00084673v	Verb Group
bn:00084655v	bn:00084663v	Verb Group
bn:00084656v	bn:00084658v	Verb Group
bn:00084658v	bn:00084656v	Verb Group
bn:00084659v	bn:00084669v	Verb Group
bn:00084661v	bn:00084668v	Verb Group
bn:00084662v	bn:00093430v	Verb Group
bn:00084663v	bn:00084655v	Verb Group
bn:00084663v	bn:00084675v	Verb Group
bn:00084665v	bn:00084670v	Verb Group
bn:00084665v	bn:00088738v	Verb Group
bn:00084666v	bn:00085727v	Verb Group
bn:00084668v	bn:00084661v	Verb Group
bn:00084669v	bn:00084659v	Verb Group
bn:00084669v	bn:00088740v	Verb Group
bn:00084670v	bn:00084665v	Verb Group
bn:00084671v	bn:00084511v	Verb Group
bn:00084673v	bn:00084654v	Verb Group
bn:00084674v	bn:00084651v	Verb Group
bn:00084675v	bn:00084663v	Verb Group
bn:00084679v	bn:00084273v	Verb Group
bn:00084719v	bn:00084720v	Verb Group
bn:00084720v	bn:00084719v	Verb Group
bn:00084726v	bn:00093063v	Verb Group
bn:00084742v	bn:00082641v	Verb Group
bn:00084770v	bn:00084771v	Verb Group
bn:00084770v	bn:00084772v	Verb Group
bn:00084771v	bn:00084770v	Verb Group
bn:00084772v	bn:00084770v	Verb Group
bn:00084787v	bn:00083294v	Verb Group
bn:00084787v	bn:00089082v	Verb Group
bn:00084805v	bn:00084819v	Verb Group
bn:00084806v	bn:00083486v	Verb Group
bn:00084813v	bn:00091795v	Verb Group
bn:00084817v	bn:00084818v	Verb Group
bn:00084818v	bn:00084817v	Verb Group
bn:00084819v	bn:00084805v	Verb Group
bn:00084834v	bn:00087353v	Verb Group
bn:00084848v	bn:00084852v	Verb Group
bn:00084851v	bn:00084859v	Verb Group
bn:00084851v	bn:00084860v	Verb Group
bn:00084852v	bn:00082812v	Verb Group
bn:00084852v	bn:00084848v	Verb Group
bn:00084854v	bn:00082477v	Verb Group
bn:00084856v	bn:00089060v	Verb Group
bn:00084857v	bn:00084858v	Verb Group
bn:00084858v	bn:00084857v	Verb Group
bn:00084859v	bn:00084851v	Verb Group
bn:00084860v	bn:00084851v	Verb Group
bn:00084865v	bn:00082812v	Verb Group
bn:00084867v	bn:00083950v	Verb Group
bn:00084916v	bn:00085958v	Verb Group
bn:00084925v	bn:00084926v	Verb Group
bn:00084926v	bn:00084925v	Verb Group
bn:00084986v	bn:00084119v	Verb Group
bn:00084997v	bn:00084999v	Verb Group
bn:00084999v	bn:00084997v	Verb Group
bn:00085004v	bn:00088938v	Verb Group
bn:00085007v	bn:00085008v	Verb Group
bn:00085008v	bn:00085007v	Verb Group
bn:00085018v	bn:00082791v	Verb Group
bn:00085019v	bn:00082822v	Verb Group
bn:00085059v	bn:00085061v	Verb Group
bn:00085059v	bn:00085063v	Verb Group
bn:00085061v	bn:00085059v	Verb Group
bn:00085061v	bn:00085066v	Verb Group
bn:00085063v	bn:00085059v	Verb Group
bn:00085066v	bn:00085061v	Verb Group
bn:00085077v	bn:00085079v	Verb Group
bn:00085078v	bn:00085079v	Verb Group
bn:00085079v	bn:00085077v	Verb Group
bn:00085079v	bn:00085078v	Verb Group
bn:00085087v	bn:00085088v	Verb Group
bn:00085088v	bn:00084089v	Verb Group
bn:00085088v	bn:00085087v	Verb Group
bn:00085094v	bn:00085095v	Verb Group
bn:00085095v	bn:00085094v	Verb Group
bn:00085106v	bn:00085107v	Verb Group
bn:00085107v	bn:00085106v	Verb Group
bn:00085127v	bn:00085130v	Verb Group
bn:00085130v	bn:00085127v	Verb Group
bn:00085162v	bn:00085163v	Verb Group
bn:00085163v	bn:00085162v	Verb Group
bn:00085179v	bn:00087271v	Verb Group
bn:00085223v	bn:00095067v	Verb Group
bn:00085245v	bn:00087258v	Verb Group
bn:00085261v	bn:00090142v	Verb Group
bn:00085279v	bn:00085280v	Verb Group
bn:00085280v	bn:00085279v	Verb Group
bn:00085293v	bn:00094453v	Verb Group
bn:00085320v	bn:00085321v	Verb Group
bn:00085321v	bn:00085320v	Verb Group
bn:00085322v	bn:00085327v	Verb Group
bn:00085325v	bn:00085333v	Verb Group
bn:00085327v	bn:00085322v	Verb Group
bn:00085333v	bn:00085325v	Verb Group
bn:00085333v	bn:00086653v	Verb Group
bn:00085339v	bn:00082846v	Verb Group
bn:00085342v	bn:00088422v	Verb Group
bn:00085342v	bn:00088424v	Verb Group
bn:00085357v	bn:00087976v	Verb Group
bn:00085383v	bn:00082430v	Verb Group
bn:00085385v	bn:00082630v	Verb Group
bn:00085385v	bn:00092923v	Verb Group
bn:00085427v	bn:00088824v	Verb Group
bn:00085427v	bn:00088838v	Verb Group
bn:00085434v	bn:00085440v	Verb Group
bn:00085440v	bn:00085434v	Verb Group
bn:00085447v	bn:00084242v	Verb Group
bn:00085450v	bn:00085451v	Verb Group
bn:00085451v	bn:00085450v	Verb Group
bn:00085463v	bn:00085913v	Verb Group
bn:00085489v	bn:00092123v	Verb Group
bn:00085497v	bn:00082339v	Verb Group
bn:00085507v	bn:00085508v	Verb Group
bn:00085508v	bn:00085507v	Verb Group
bn:00085521v	bn:00085553v	Verb Group
bn:00085550v	bn:00085551v	Verb Group
bn:00085550v	bn:00085554v	Verb Group
bn:00085551v	bn:00085550v	Verb Group
bn:00085551v	bn:00085552v	Verb Group
bn:00085552v	bn:00085551v	Verb Group
bn:00085553v	bn:00085521v	Verb Group
bn:00085554v	bn:00085550v	Verb Group
bn:00085560v	bn:00094371v	Verb Group
bn:00085566v	bn:00085568v	Verb Group
bn:00085568v	bn:00085566v	Verb Group
bn:00085594v	bn:00083701v	Verb Group
bn:00085594v	bn:00085600v	Verb Group
bn:00085596v	bn:00085597v	Verb Group
bn:00085597v	bn:00085596v	Verb Group
bn:00085599v	bn:00083309v	Verb Group
bn:00085600v	bn:00085594v	Verb Group
bn:00085614v	bn:00090675v	Verb Group
bn:00085625v	bn:00085627v	Verb Group
bn:00085627v	bn:00085625v	Verb Group
bn:00085629v	bn:00085630v	Verb Group
bn:00085630v	bn:00085629v	Verb Group
bn:00085647v	bn:00085683v	Verb Group
bn:00085648v	bn:00085651v	Verb Group
bn:00085651v	bn:00085648v	Verb Group
bn:00085683v	bn:00085647v	Verb Group
bn:00085684v	bn:00085685v	Verb Group
bn:00085685v	bn:00085684v	Verb Group
bn:00085692v	bn:00091131v	Verb Group
bn:00085698v	bn:00082217v	Verb Group
bn:00085698v	bn:00083225v	Verb Group
bn:00085714v	bn:00083242v	Verb Group
bn:00085714v	bn:00085718v	Verb Group
bn:00085715v	bn:00083242v	Verb Group
bn:00085716v	bn:00085717v	Verb Group
bn:00085717v	bn:00085716v	Verb Group
bn:00085718v	bn:00085714v	Verb Group
bn:00085720v	bn:00085908v	Verb Group
bn:00085722v	bn:00095841v	Verb Group
bn:00085722v	bn:00095846v	Verb Group
bn:00085727v	bn:00084666v	Verb Group
bn:00085744v	bn:00085748v	Verb Group
bn:00085746v	bn:00082812v	Verb Group
bn:00085748v	bn:00085744v	Verb Group
bn:00085750v	bn:00092552v	Verb Group
bn:00085756v	bn:00082348v	Verb Group
bn:00085761v	bn:00085768v	Verb Group
bn:00085762v	bn:00085763v	Verb Group
bn:00085763v	bn:00085762v	Verb Group
bn:00085764v	bn:00085766v	Verb Group
bn:00085765v	bn:00085766v	Verb Group
bn:00085766v	bn:00085764v	Verb Group
bn:00085766v	bn:00085765v	Verb Group
bn:00085768v	bn:00085761v	Verb Group
bn:00085779v	bn:00085780v	Verb Group
bn:00085780v	bn:00085779v	Verb Group
bn:00085784v	bn:00090573v	Verb Group
bn:00085785v	bn:00085787v	Verb Group
bn:00085787v	bn:00085785v	Verb Group
bn:00085835v	bn:00085836v	Verb Group
bn:00085836v	bn:00085835v	Verb Group
bn:00085841v	bn:00085842v	Verb Group
bn:00085842v	bn:00085841v	Verb Group
bn:00085852v	bn:00082917v	Verb Group
bn:00085890v	bn:00090697v	Verb Group
bn:00085903v	bn:00085904v	Verb Group
bn:00085903v	bn:00085919v	Verb Group
bn:00085904v	bn:00085903v	Verb Group
bn:00085907v	bn:00085912v	Verb Group
bn:00085908v	bn:00085720v	Verb Group
bn:00085909v	bn:00085913v	Verb Group
bn:00085911v	bn:00085921v	Verb Group
bn:00085912v	bn:00085907v	Verb Group
bn:00085913v	bn:00085463v	Verb Group
bn:00085913v	bn:00085909v	Verb Group
bn:00085919v	bn:00085903v	Verb Group
bn:00085921v	bn:00085911v	Verb Group
bn:00085944v	bn:00083950v	Verb Group
bn:00085958v	bn:00084916v	Verb Group
bn:00085959v	bn:00083767v	Verb Group
bn:00085981v	bn:00083957v	Verb Group
bn:00086012v	bn:00086013v	Verb Group
bn:00086013v	bn:00086012v	Verb Group
bn:00086051v	bn:00086052v	Verb Group
bn:00086052v	bn:00086051v	Verb Group
bn:00086059v	bn:00090120v	Verb Group
bn:00086061v	bn:00084145v	Verb Group
bn:00086122v	bn:00086125v	Verb Group
bn:00086125v	bn:00086122v	Verb Group
bn:00086134v	bn:00087269v	Verb Group
bn:00086134v	bn:00091046v	Verb Group
bn:00086157v	bn:00086159v	Verb Group
bn:00086159v	bn:00086157v	Verb Group
bn:00086161v	bn:00082920v	Verb Group
bn:00086166v	bn:00082781v	Verb Group
bn:00086169v	bn:00087814v	Verb Group
bn:00086179v	bn:00086199v	Verb Group
bn:00086181v	bn:00086196v	Verb Group
bn:00086185v	bn:00082127v	Verb Group
bn:00086190v	bn:00086191v	Verb Group
bn:00086191v	bn:00086190v	Verb Group
bn:00086192v	bn:00086193v	Verb Group
bn:00086193v	bn:00086192v	Verb Group
bn:00086194v	bn:00086195v	Verb Group
bn:00086195v	bn:00084281v	Verb Group
bn:00086195v	bn:00086194v	Verb Group
bn:00086196v	bn:00086181v	Verb Group
bn:00086199v	bn:00086179v	Verb Group
bn:00086209v	bn:00084079v	Verb Group
bn:00086212v	bn:00086213v	Verb Group
bn:00086213v	bn:00086212v	Verb Group
bn:00086257v	bn:00086259v	Verb Group
bn:00086259v	bn:00086257v	Verb Group
bn:00086271v	bn:00086272v	Verb Group
bn:00086272v	bn:00086271v	Verb Group
bn:00086287v	bn:00084174v	Verb Group
bn:00086289v	bn:00093926v	Verb Group
bn:00086295v	bn:00086298v	Verb Group
bn:00086298v	bn:00086295v	Verb Group
bn:00086302v	bn:00086303v	Verb Group
bn:00086303v	bn:00086302v	Verb Group
bn:00086303v	bn:00086304v	Verb Group
bn:00086304v	bn:00086303v	Verb Group
bn:00086333v	bn:00086337v	Verb Group
bn:00086333v	bn:00093473v	Verb Group
bn:00086335v	bn:00086336v	Verb Group
bn:00086336v	bn:00086335v	Verb Group
bn:00086337v	bn:00086333v	Verb Group
bn:00086360v	bn:00086361v	Verb Group
bn:00086361v	bn:00086360v	Verb Group
bn:00086362v	bn:00086975v	Verb Group
bn:00086375v	bn:00082634v	Verb Group
bn:00086390v	bn:00086943v	Verb Group
bn:00086421v	bn:00086422v	Verb Group
bn:00086422v	bn:00086421v	Verb Group
bn:00086435v	bn:00089390v	Verb Group
bn:00086454v	bn:00089396v	Verb Group
bn:00086519v	bn:00091746v	Verb Group
bn:00086525v	bn:00087238v	Verb Group
bn:00086525v	bn:00087248v	Verb Group
bn:00086548v	bn:00086549v	Verb Group
bn:00086549v	bn:00086548v	Verb Group
bn:00086586v	bn:00086587v	Verb Group
bn:00086587v	bn:00086586v	Verb Group
bn:00086594v	bn:00082145v	Verb Group
bn:00086604v	bn:00088939v	Verb Group
bn:00086630v	bn:00086631v	Verb Group
bn:00086631v	bn:00086630v	Verb Group
bn:00086653v	bn:00085333v	Verb Group
bn:00086662v	bn:00088000v	Verb Group
bn:00086674v	bn:00086676v	Verb Group
bn:00086676v	bn:00086674v	Verb Group
bn:00086686v	bn:00086687v	Verb Group
bn:00086687v	bn:00086686v	Verb Group
bn:00086708v	bn:00086934v	Verb Group
bn:00086733v	bn:00086734v	Verb Group
bn:00086734v	bn:00086733v	Verb Group
bn:00086735v	bn:00082282v	Verb Group
bn:00086735v	bn:00086747v	Verb Group
bn:00086736v	bn:00084211v	Verb Group
bn:00086736v	bn:00089060v	Verb Group
bn:00086736v	bn:00091972v	Verb Group
bn:00086737v	bn:00082757v	Verb Group
bn:00086737v	bn:00083949v	Verb Group
bn:00086737v	bn:00086738v	Verb Group
bn:00086738v	bn:00086737v	Verb Group
bn:00086739v	bn:00084211v	Verb Group
bn:00086740v	bn:00084211v	Verb Group
bn:00086741v	bn:00082282v	Verb Group
bn:00086741v	bn:00084211v	Verb Group
bn:00086745v	bn:00086746v	Verb Group
bn:00086746v	bn:00086745v	Verb Group
bn:00086747v	bn:00082282v	Verb Group
bn:00086747v	bn:00086735v	Verb Group
bn:00086760v	bn:00082244v	Verb Group
bn:00086761v	bn:00088824v	Verb Group
bn:00086783v	bn:00084343v	Verb Group
bn:00086793v	bn:00093176v	Verb Group
bn:00086800v	bn:00090659v	Verb Group
bn:00086818v	bn:00090423v	Verb Group
bn:00086819v	bn:00086821v	Verb Group
bn:00086821v	bn:00086819v	Verb Group
bn:00086823v	bn:00086824v	Verb Group
bn:00086824v	bn:00086823v	Verb Group
bn:00086903v	bn:00086979v	Verb Group
bn:00086906v	bn:00083998v	Verb Group
bn:00086933v	bn:00088205v	Verb Group
bn:00086934v	bn:00082811v	Verb Group
bn:00086934v	bn:00086708v	Verb Group
bn:00086934v	bn:00086935v	Verb Group
bn:00086935v	bn:00086934v	Verb Group
bn:00086943v	bn:00086390v	Verb Group
bn:00086943v	bn:00092661v	Verb Group
bn:00086958v	bn:00093899v	Verb Group
bn:00086962v	bn:00089309v	Verb Group
bn:00086975v	bn:00086362v	Verb Group
bn:00086979v	bn:00086903v	Verb Group
bn:00086992v	bn:00087368v	Verb Group
bn:00086994v	bn:00084001v	Verb Group
bn:00087012v	bn:00088912v	Verb Group
bn:00087040v	bn:00087043v	Verb Group
bn:00087041v	bn:00087042v	Verb Group
bn:00087042v	bn:00087041v	Verb Group
bn:00087043v	bn:00087040v	Verb Group
bn:00087049v	bn:00087050v	Verb Group
bn:00087050v	bn:00087049v	Verb Group
bn:00087051v	bn:00087052v	Verb Group
bn:00087052v	bn:00087051v	Verb Group
bn:00087052v	bn:00087054v	Verb Group
bn:00087054v	bn:00087052v	Verb Group
bn:00087066v	bn:00087067v	Verb Group
bn:00087067v	bn:00087066v	Verb Group
bn:00087087v	bn:00087425v	Verb Group
bn:00087106v	bn:00090557v	Verb Group
bn:00087116v	bn:00082339v	Verb Group
bn:00087116v	bn:00095141v	Verb Group
bn:00087128v	bn:00092226v	Verb Group
bn:00087128v	bn:00095812v	Verb Group
bn:00087128v	bn:00095813v	Verb Group
bn:00087146v	bn:00090986v	Verb Group
bn:00087147v	bn:00087148v	Verb Group
bn:00087148v	bn:00087147v	Verb Group
bn:00087234v	bn:00087253v	Verb Group
bn:00087234v	bn:00092138v	Verb Group
bn:00087235v	bn:00087241v	Verb Group
bn:00087236v	bn:00090578v	Verb Group
bn:00087237v	bn:00087239v	Verb Group
bn:00087237v	bn:00087277v	Verb Group
bn:00087237v	bn:00092145v	Verb Group
bn:00087238v	bn:00086525v	Verb Group
bn:00087239v	bn:00087237v	Verb Group
bn:00087239v	bn:00087243v	Verb Group
bn:00087239v	bn:00087250v	Verb Group
bn:00087241v	bn:00087235v	Verb Group
bn:00087243v	bn:00087239v	Verb Group
bn:00087246v	bn:00087262v	Verb Group
bn:00087248v	bn:00086525v	Verb Group
bn:00087250v	bn:00087239v	Verb Group
bn:00087253v	bn:00087234v	Verb Group
bn:00087254v	bn:00087256v	Verb Group
bn:00087255v	bn:00092147v	Verb Group
bn:00087256v	bn:00087254v	Verb Group
bn:00087256v	bn:00090248v	Verb Group
bn:00087258v	bn:00085245v	Verb Group
bn:00087259v	bn:00087260v	Verb Group
bn:00087259v	bn:00087261v	Verb Group
bn:00087260v	bn:00087259v	Verb Group
bn:00087261v	bn:00087259v	Verb Group
bn:00087262v	bn:00087246v	Verb Group
bn:00087266v	bn:00091597v	Verb Group
bn:00087267v	bn:00082991v	Verb Group
bn:00087269v	bn:00086134v	Verb Group
bn:00087270v	bn:00082920v	Verb Group
bn:00087271v	bn:00085179v	Verb Group
bn:00087272v	bn:00082834v	Verb Group
bn:00087274v	bn:00084560v	Verb Group
bn:00087277v	bn:00087237v	Verb Group
bn:00087281v	bn:00087282v	Verb Group
bn:00087282v	bn:00087281v	Verb Group
bn:00087291v	bn:00082684v	Verb Group
bn:00087291v	bn:00087293v	Verb Group
bn:00087291v	bn:00087294v	Verb Group
bn:00087293v	bn:00082917v	Verb Group
bn:00087293v	bn:00087291v	Verb Group
bn:00087294v	bn:00087291v	Verb Group
bn:00087295v	bn:00087297v	Verb Group
bn:00087295v	bn:00087298v	Verb Group
bn:00087297v	bn:00087295v	Verb Group
bn:00087297v	bn:00087298v	Verb Group
bn:00087298v	bn:00087295v	Verb Group
bn:00087298v	bn:00087297v	Verb Group
bn:00087306v	bn:00087325v	Verb Group
bn:00087308v	bn:00084629v	Verb Group
bn:00087309v	bn:00087314v	Verb Group
bn:00087310v	bn:00087311v	Verb Group
bn:00087311v	bn:00087310v	Verb Group
bn:00087312v	bn:00083195v	Verb Group
bn:00087314v	bn:00087309v	Verb Group
bn:00087324v	bn:00083796v	Verb Group
bn:00087325v	bn:00087306v	Verb Group
bn:00087327v	bn:00087336v	Verb Group
bn:00087327v	bn:00087337v	Verb Group
bn:00087327v	bn:00087340v	Verb Group
bn:00087328v	bn:00087340v	Verb Group
bn:00087329v	bn:00087340v	Verb Group
bn:00087330v	bn:00087331v	Verb Group
bn:00087330v	bn:00087332v	Verb Group
bn:00087331v	bn:00087330v	Verb Group
bn:00087331v	bn:00087332v	Verb Group
bn:00087332v	bn:00087330v	Verb Group
bn:00087332v	bn:00087331v	Verb Group
bn:00087334v	bn:00083272v	Verb Group
bn:00087334v	bn:00087341v	Verb Group
bn:00087335v	bn:00083241v	Verb Group
bn:00087336v	bn:00087327v	Verb Group
bn:00087336v	bn:00093014v	Verb Group
bn:00087337v	bn:00087327v	Verb Group
bn:00087340v	bn:00087327v	Verb Group
bn:00087340v	bn:00087328v	Verb Group
bn:00087340v	bn:00087329v	Verb Group
bn:00087341v	bn:00087334v	Verb Group
bn:00087341v	bn:00087342v	Verb Group
bn:00087342v	bn:00087341v	Verb Group
bn:00087345v	bn:00087346v	Verb Group
bn:00087346v	bn:00087345v	Verb Group
bn:00087353v	bn:00084834v	Verb Group
bn:00087364v	bn:00087365v	Verb Group
bn:00087364v	bn:00087367v	Verb Group
bn:00087365v	bn:00087364v	Verb Group
bn:00087367v	bn:00087364v	Verb Group
bn:00087367v	bn:00088018v	Verb Group
bn:00087368v	bn:00086992v	Verb Group
bn:00087382v	bn:00095847v	Verb Group
bn:00087382v	bn:00095848v	Verb Group
bn:00087390v	bn:00087391v	Verb Group
bn:00087391v	bn:00087390v	Verb Group
bn:00087409v	bn:00090980v	Verb Group
bn:00087425v	bn:00087087v	Verb Group
bn:00087459v	bn:00082121v	Verb Group
bn:00087460v	bn:00087461v	Verb Group
bn:00087460v	bn:00087462v	Verb Group
bn:00087461v	bn:00087460v	Verb Group
bn:00087462v	bn:00087460v	Verb Group
bn:00087488v	bn:00083649v	Verb Group
bn:00087512v	bn:00095826v	Verb Group
bn:00087573v	bn:00087574v	Verb Group
bn:00087574v	bn:00087573v	Verb Group
bn:00087599v	bn:00091708v	Verb Group
bn:00087599v	bn:00091730v	Verb Group
bn:00087599v	bn:00091731v	Verb Group
bn:00087599v	bn:00091732v	Verb Group
bn:00087617v	bn:00083191v	Verb Group
bn:00087617v	bn:00087844v	Verb Group
bn:00087636v	bn:00087639v	Verb Group
bn:00087639v	bn:00087636v	Verb Group
bn:00087648v	bn:00095286v	Verb Group
bn:00087701v	bn:00092443v	Verb Group
bn:00087701v	bn:00095548v	Verb Group
bn:00087706v	bn:00087707v	Verb Group
bn:00087707v	bn:00087706v	Verb Group
bn:00087719v	bn:00083992v	Verb Group
bn:00087734v	bn:00088724v	Verb Group
bn:00087767v	bn:00087768v	Verb Group
bn:00087768v	bn:00087767v	Verb Group
bn:00087775v	bn:00087776v	Verb Group
bn:00087776v	bn:00087775v	Verb Group
bn:00087814v	bn:00086169v	Verb Group
bn:00087820v	bn:00087821v	Verb Group
bn:00087821v	bn:00087820v	Verb Group
bn:00087823v	bn:00091723v	Verb Group
bn:00087830v	bn:00087831v	Verb Group
bn:00087831v	bn:00087830v	Verb Group
bn:00087839v	bn:00091738v	Verb Group
bn:00087844v	bn:00087617v	Verb Group
bn:00087845v	bn:00088939v	Verb Group
bn:00087851v	bn:00084121v	Verb Group
bn:00087854v	bn:00083230v	Verb Group
bn:00087866v	bn:00087867v	Verb Group
bn:00087867v	bn:00087866v	Verb Group
bn:00087878v	bn:00095819v	Verb Group
bn:00087883v	bn:00087884v	Verb Group
bn:00087884v	bn:00087883v	Verb Group
bn:00087905v	bn:00092360v	Verb Group
bn:00087906v	bn:00087908v	Verb Group
bn:00087908v	bn:00087906v	Verb Group
bn:00087910v	bn:00087912v	Verb Group
bn:00087912v	bn:00087910v	Verb Group
bn:00087914v	bn:00084560v	Verb Group
bn:00087915v	bn:00082391v	Verb Group
bn:00087942v	bn:00087943v	Verb Group
bn:00087943v	bn:00087942v	Verb Group
bn:00087944v	bn:00087945v	Verb Group
bn:00087945v	bn:00087944v	Verb Group
bn:00087946v	bn:00087947v	Verb Group
bn:00087947v	bn:00087946v	Verb Group
bn:00087969v	bn:00083757v	Verb Group
bn:00087970v	bn:00083757v	Verb Group
bn:00087976v	bn:00085357v	Verb Group
bn:00087979v	bn:00087981v	Verb Group
bn:00087979v	bn:00087984v	Verb Group
bn:00087981v	bn:00087979v	Verb Group
bn:00087982v	bn:00087987v	Verb Group
bn:00087983v	bn:00087988v	Verb Group
bn:00087984v	bn:00087979v	Verb Group
bn:00087985v	bn:00087989v	Verb Group
bn:00087985v	bn:00087990v	Verb Group
bn:00087987v	bn:00087982v	Verb Group
bn:00087988v	bn:00087983v	Verb Group
bn:00087989v	bn:00087985v	Verb Group
bn:00087990v	bn:00082244v	Verb Group
bn:00087990v	bn:00087985v	Verb Group
bn:00087992v	bn:00087993v	Verb Group
bn:00087993v	bn:00087992v	Verb Group
bn:00087995v	bn:00087996v	Verb Group
bn:00087996v	bn:00087995v	Verb Group
bn:00088000v	bn:00086662v	Verb Group
bn:00088018v	bn:00087367v	Verb Group
bn:00088029v	bn:00094303v	Verb Group
bn:00088038v	bn:00094504v	Verb Group
bn:00088078v	bn:00089240v	Verb Group
bn:00088078v	bn:00089241v	Verb Group
bn:00088095v	bn:00088207v	Verb Group
bn:00088096v	bn:00088100v	Verb Group
bn:00088100v	bn:00088096v	Verb Group
bn:00088101v	bn:00088102v	Verb Group
bn:00088101v	bn:00088103v	Verb Group
bn:00088101v	bn:00088106v	Verb Group
bn:00088102v	bn:00088101v	Verb Group
bn:00088103v	bn:00088101v	Verb Group
bn:00088106v	bn:00088101v	Verb Group
bn:00088110v	bn:00088388v	Verb Group
bn:00088121v	bn:00092759v	Verb Group
bn:00088124v	bn:00088125v	Verb Group
bn:00088125v	bn:00088124v	Verb Group
bn:00088133v	bn:00090704v	Verb Group
bn:00088148v	bn:00088149v	Verb Group
bn:00088149v	bn:00088148v	Verb Group
bn:00088178v	bn:00082873v	Verb Group
bn:00088192v	bn:00091585v	Verb Group
bn:00088204v	bn:00088206v	Verb Group
bn:00088204v	bn:00088210v	Verb Group
bn:00088205v	bn:00086933v	Verb Group
bn:00088205v	bn:00088209v	Verb Group
bn:00088206v	bn:00088204v	Verb Group
bn:00088207v	bn:00088095v	Verb Group
bn:00088208v	bn:00082276v	Verb Group
bn:00088209v	bn:00088205v	Verb Group
bn:00088210v	bn:00088204v	Verb Group
bn:00088240v	bn:00083596v	Verb Group
bn:00088244v	bn:00090699v	Verb Group
bn:00088245v	bn:00091497v	Verb Group
bn:00088261v	bn:00083158v	Verb Group
bn:00088322v	bn:00088323v	Verb Group
bn:00088322v	bn:00088325v	Verb Group
bn:00088323v	bn:00088322v	Verb Group
bn:00088323v	bn:00088326v	Verb Group
bn:00088325v	bn:00083195v	Verb Group
bn:00088325v	bn:00088322v	Verb Group
bn:00088326v	bn:00088323v	Verb Group
bn:00088355v	bn:00088356v	Verb Group
bn:00088356v	bn:00088355v	Verb Group
bn:00088376v	bn:00091399v	Verb Group
bn:00088378v	bn:00088386v	Verb Group
bn:00088380v	bn:00082957v	Verb Group
bn:00088381v	bn:00088385v	Verb Group
bn:00088384v	bn:00082957v	Verb Group
bn:00088385v	bn:00088381v	Verb Group
bn:00088386v	bn:00082957v	Verb Group
bn:00088386v	bn:00088378v	Verb Group
bn:00088388v	bn:00088110v	Verb Group
bn:00088422v	bn:00085342v	Verb Group
bn:00088424v	bn:00085342v	Verb Group
bn:00088427v	bn:00088428v	Verb Group
bn:00088427v	bn:00088429v	Verb Group
bn:00088428v	bn:00088427v	Verb Group
bn:00088429v	bn:00088427v	Verb Group
bn:00088432v	bn:00088433v	Verb Group
bn:00088433v	bn:00088432v	Verb Group
bn:00088435v	bn:00082139v	Verb Group
bn:00088456v	bn:00092198v	Verb Group
bn:00088477v	bn:00089159v	Verb Group
bn:00088480v	bn:00092035v	Verb Group
bn:00088482v	bn:00090271v	Verb Group
bn:00088529v	bn:00088530v	Verb Group
bn:00088530v	bn:00083953v	Verb Group
bn:00088530v	bn:00088529v	Verb Group
bn:00088554v	bn:00088559v	Verb Group
bn:00088559v	bn:00088554v	Verb Group
bn:00088609v	bn:00090695v	Verb Group
bn:00088629v	bn:00093172v	Verb Group
bn:00088629v	bn:00095817v	Verb Group
bn:00088630v	bn:00093511v	Verb Group
bn:00088636v	bn:00088637v	Verb Group
bn:00088637v	bn:00088636v	Verb Group
bn:00088640v	bn:00093089v	Verb Group
bn:00088646v	bn:00088648v	Verb Group
bn:00088648v	bn:00088646v	Verb Group
bn:00088713v	bn:00088714v	Verb Group
bn:00088714v	bn:00088713v	Verb Group
bn:00088717v	bn:00088718v	Verb Group
bn:00088718v	bn:00088717v	Verb Group
bn:00088722v	bn:00091854v	Verb Group
bn:00088724v	bn:00087734v	Verb Group
bn:00088724v	bn:00088820v	Verb Group
bn:00088730v	bn:00083836v	Verb Group
bn:00088734v	bn:00090559v	Verb Group
bn:00088737v	bn:00088738v	Verb Group
bn:00088738v	bn:00084665v	Verb Group
bn:00088738v	bn:00088737v	Verb Group
bn:00088740v	bn:00084669v	Verb Group
bn:00088741v	bn:00082788v	Verb Group
bn:00088742v	bn:00088743v	Verb Group
bn:00088743v	bn:00088742v	Verb Group
bn:00088745v	bn:00089245v	Verb Group
bn:00088779v	bn:00082993v	Verb Group
bn:00088814v	bn:00082442v	Verb Group
bn:00088816v	bn:00088821v	Verb Group
bn:00088820v	bn:00088724v	Verb Group
bn:00088821v	bn:00083420v	Verb Group
bn:00088821v	bn:00088816v	Verb Group
bn:00088824v	bn:00085427v	Verb Group
bn:00088824v	bn:00086761v	Verb Group
bn:00088826v	bn:00082710v	Verb Group
bn:00088826v	bn:00088842v	Verb Group
bn:00088827v	bn:00088836v	Verb Group
bn:00088832v	bn:00088833v	Verb Group
bn:00088833v	bn:00088832v	Verb Group
bn:00088836v	bn:00088827v	Verb Group
bn:00088836v	bn:00088842v	Verb Group
bn:00088838v	bn:00085427v	Verb Group
bn:00088842v	bn:00088826v	Verb Group
bn:00088842v	bn:00088836v	Verb Group
bn:00088844v	bn:00088845v	Verb Group
bn:00088845v	bn:00088844v	Verb Group
bn:00088912v	bn:00087012v	Verb Group
bn:00088920v	bn:00088929v	Verb Group
bn:00088924v	bn:00090584v	Verb Group
bn:00088929v	bn:00088920v	Verb Group
bn:00088938v	bn:00085004v	Verb Group
bn:00088939v	bn:00086604v	Verb Group
bn:00088939v	bn:00087845v	Verb Group
bn:00088948v	bn:00093769v	Verb Group
bn:00089029v	bn:00093402v	Verb Group
bn:00089056v	bn:00093981v	Verb Group
bn:00089060v	bn:00084856v	Verb Group
bn:00089060v	bn:00086736v	Verb Group
bn:00089060v	bn:00091972v	Verb Group
bn:00089073v	bn:00089075v	Verb Group
bn:00089074v	bn:00089075v	Verb Group
bn:00089075v	bn:00089073v	Verb Group
bn:00089075v	bn:00089074v	Verb Group
bn:00089082v	bn:00084787v	Verb Group
bn:00089084v	bn:00089085v	Verb Group
bn:00089085v	bn:00089084v	Verb Group
bn:00089099v	bn:00082877v	Verb Group
bn:00089124v	bn:00082975v	Verb Group
bn:00089159v	bn:00088477v	Verb Group
bn:00089178v	bn:00089179v	Verb Group
bn:00089178v	bn:00089184v	Verb Group
bn:00089179v	bn:00089178v	Verb Group
bn:00089184v	bn:00089178v	Verb Group
bn:00089187v	bn:00089188v	Verb Group
bn:00089188v	bn:00089187v	Verb Group
bn:00089199v	bn:00083286v	Verb Group
bn:00089207v	bn:00089208v	Verb Group
bn:00089208v	bn:00089207v	Verb Group
bn:00089235v	bn:00084137v	Verb Group
bn:00089240v	bn:00088078v	Verb Group
bn:00089241v	bn:00088078v	Verb Group
bn:00089245v	bn:00088745v	Verb Group
bn:00089246v	bn:00082198v	Verb Group
bn:00089261v	bn:00089262v	Verb Group
bn:00089262v	bn:00089261v	Verb Group
bn:00089292v	bn:00089293v	Verb Group
bn:00089293v	bn:00089292v	Verb Group
bn:00089296v	bn:00090261v	Verb Group
bn:00089309v	bn:00086962v	Verb Group
bn:00089348v	bn:00089352v	Verb Group
bn:00089349v	bn:00083567v	Verb Group
bn:00089349v	bn:00089352v	Verb Group
bn:00089349v	bn:00091652v	Verb Group
bn:00089352v	bn:00089348v	Verb Group
bn:00089352v	bn:00089349v	Verb Group
bn:00089390v	bn:00086435v	Verb Group
bn:00089396v	bn:00086454v	Verb Group
bn:00089407v	bn:00089410v	Verb Group
bn:00089410v	bn:00089407v	Verb Group
bn:00089438v	bn:00089439v	Verb Group
bn:00089439v	bn:00089438v	Verb Group
bn:00089459v	bn:00082230v	Verb Group
bn:00089466v	bn:00089467v	Verb Group
bn:00089466v	bn:00089468v	Verb Group
bn:00089467v	bn:00089466v	Verb Group
bn:00089468v	bn:00089466v	Verb Group
bn:00089469v	bn:00089470v	Verb Group
bn:00089470v	bn:00089469v	Verb Group
bn:00089475v	bn:00089476v	Verb Group
bn:00089476v	bn:00089475v	Verb Group
bn:00089495v	bn:00090312v	Verb Group
bn:00089521v	bn:00089526v	Verb Group
bn:00089521v	bn:00093179v	Verb Group
bn:00089526v	bn:00089521v	Verb Group
bn:00089538v	bn:00089539v	Verb Group
bn:00089539v	bn:00089538v	Verb Group
bn:00089547v	bn:00089549v	Verb Group
bn:00089548v	bn:00089549v	Verb Group
bn:00089549v	bn:00089547v	Verb Group
bn:00089549v	bn:00089548v	Verb Group
bn:00089562v	bn:00089563v	Verb Group
bn:00089563v	bn:00089562v	Verb Group
bn:00089590v	bn:00089591v	Verb Group
bn:00089591v	bn:00089590v	Verb Group
bn:00089597v	bn:00082175v	Verb Group
bn:00089631v	bn:00091895v	Verb Group
bn:00089635v	bn:00083085v	Verb Group
bn:00089645v	bn:00082815v	Verb Group
bn:00089653v	bn:00084275v	Verb Group
bn:00089717v	bn:00089719v	Verb Group
bn:00089719v	bn:00089717v	Verb Group
bn:00089728v	bn:00089729v	Verb Group
bn:00089729v	bn:00089728v	Verb Group
bn:00089736v	bn:00089737v	Verb Group
bn:00089736v	bn:00089738v	Verb Group
bn:00089737v	bn:00089736v	Verb Group
bn:00089738v	bn:00089736v	Verb Group
bn:00089746v	bn:00089748v	Verb Group
bn:00089748v	bn:00089746v	Verb Group
bn:00089768v	bn:00093447v	Verb Group
bn:00089783v	bn:00089784v	Verb Group
bn:00089784v	bn:00089783v	Verb Group
bn:00089787v	bn:00089788v	Verb Group
bn:00089788v	bn:00089787v	Verb Group
bn:00089797v	bn:00089798v	Verb Group
bn:00089798v	bn:00089797v	Verb Group
bn:00089806v	bn:00093740v	Verb Group
bn:00089840v	bn:00095108v	Verb Group
bn:00089842v	bn:00089843v	Verb Group
bn:00089843v	bn:00089842v	Verb Group
bn:00089902v	bn:00089903v	Verb Group
bn:00089903v	bn:00089902v	Verb Group
bn:00089919v	bn:00089920v	Verb Group
bn:00089920v	bn:00089919v	Verb Group
bn:00089959v	bn:00089960v	Verb Group
bn:00089960v	bn:00089959v	Verb Group
bn:00089993v	bn:00089994v	Verb Group
bn:00089994v	bn:00089993v	Verb Group
bn:00089997v	bn:00095019v	Verb Group
bn:00090033v	bn:00090046v	Verb Group
bn:00090036v	bn:00090041v	Verb Group
bn:00090040v	bn:00090047v	Verb Group
bn:00090041v	bn:00090036v	Verb Group
bn:00090043v	bn:00090044v	Verb Group
bn:00090044v	bn:00090043v	Verb Group
bn:00090046v	bn:00090033v	Verb Group
bn:00090047v	bn:00090040v	Verb Group
bn:00090053v	bn:00090054v	Verb Group
bn:00090054v	bn:00090053v	Verb Group
bn:00090073v	bn:00090074v	Verb Group
bn:00090074v	bn:00090073v	Verb Group
bn:00090098v	bn:00090106v	Verb Group
bn:00090103v	bn:00090104v	Verb Group
bn:00090104v	bn:00090103v	Verb Group
bn:00090105v	bn:00090106v	Verb Group
bn:00090106v	bn:00090098v	Verb Group
bn:00090106v	bn:00090105v	Verb Group
bn:00090108v	bn:00090109v	Verb Group
bn:00090109v	bn:00090108v	Verb Group
bn:00090109v	bn:00090110v	Verb Group
bn:00090110v	bn:00090109v	Verb Group
bn:00090120v	bn:00086059v	Verb Group
bn:00090120v	bn:00095816v	Verb Group
bn:00090142v	bn:00085261v	Verb Group
bn:00090143v	bn:00090147v	Verb Group
bn:00090147v	bn:00090143v	Verb Group
bn:00090151v	bn:00090660v	Verb Group
bn:00090163v	bn:00093186v	Verb Group
bn:00090172v	bn:00090174v	Verb Group
bn:00090173v	bn:00090174v	Verb Group
bn:00090174v	bn:00090172v	Verb Group
bn:00090174v	bn:00090173v	Verb Group
bn:00090183v	bn:00090184v	Verb Group
bn:00090184v	bn:00090183v	Verb Group
bn:00090216v	bn:00091777v	Verb Group
bn:00090219v	bn:00093049v	Verb Group
bn:00090219v	bn:00095646v	Verb Group
bn:00090221v	bn:00095652v	Verb Group
bn:00090243v	bn:00090272v	Verb Group
bn:00090243v	bn:00090274v	Verb Group
bn:00090248v	bn:00087256v	Verb Group
bn:00090248v	bn:00092360v	Verb Group
bn:00090261v	bn:00089296v	Verb Group
bn:00090271v	bn:00088482v	Verb Group
bn:00090272v	bn:00090243v	Verb Group
bn:00090273v	bn:00090274v	Verb Group
bn:00090274v	bn:00090243v	Verb Group
bn:00090274v	bn:00090273v	Verb Group
bn:00090275v	bn:00083420v	Verb Group
bn:00090275v	bn:00090276v	Verb Group
bn:00090276v	bn:00090275v	Verb Group
bn:00090312v	bn:00089495v	Verb Group
bn:00090316v	bn:00090317v	Verb Group
bn:00090317v	bn:00090316v	Verb Group
bn:00090319v	bn:00095701v	Verb Group
bn:00090321v	bn:00090325v	Verb Group
bn:00090322v	bn:00090326v	Verb Group
bn:00090325v	bn:00090321v	Verb Group
bn:00090326v	bn:00090322v	Verb Group
bn:00090404v	bn:00082305v	Verb Group
bn:00090408v	bn:00090409v	Verb Group
bn:00090409v	bn:00090408v	Verb Group
bn:00090423v	bn:00086818v	Verb Group
bn:00090474v	bn:00090475v	Verb Group
bn:00090475v	bn:00090474v	Verb Group
bn:00090494v	bn:00094574v	Verb Group
bn:00090499v	bn:00090500v	Verb Group
bn:00090500v	bn:00090499v	Verb Group
bn:00090534v	bn:00090535v	Verb Group
bn:00090535v	bn:00090534v	Verb Group
bn:00090557v	bn:00087106v	Verb Group
bn:00090559v	bn:00084089v	Verb Group
bn:00090559v	bn:00088734v	Verb Group
bn:00090562v	bn:00090567v	Verb Group
bn:00090563v	bn:00090573v	Verb Group
bn:00090567v	bn:00090562v	Verb Group
bn:00090567v	bn:00090568v	Verb Group
bn:00090568v	bn:00090567v	Verb Group
bn:00090571v	bn:00095814v	Verb Group
bn:00090572v	bn:00082790v	Verb Group
bn:00090573v	bn:00085784v	Verb Group
bn:00090573v	bn:00090563v	Verb Group
bn:00090574v	bn:00093429v	Verb Group
bn:00090576v	bn:00082429v	Verb Group
bn:00090577v	bn:00090578v	Verb Group
bn:00090578v	bn:00087236v	Verb Group
bn:00090578v	bn:00090577v	Verb Group
bn:00090583v	bn:00084350v	Verb Group
bn:00090583v	bn:00095472v	Verb Group
bn:00090584v	bn:00088924v	Verb Group
bn:00090594v	bn:00083081v	Verb Group
bn:00090609v	bn:00090612v	Verb Group
bn:00090611v	bn:00090612v	Verb Group
bn:00090612v	bn:00090609v	Verb Group
bn:00090612v	bn:00090611v	Verb Group
bn:00090614v	bn:00090615v	Verb Group
bn:00090615v	bn:00090614v	Verb Group
bn:00090641v	bn:00090645v	Verb Group
bn:00090645v	bn:00090641v	Verb Group
bn:00090659v	bn:00086800v	Verb Group
bn:00090660v	bn:00090151v	Verb Group
bn:00090662v	bn:00090663v	Verb Group
bn:00090663v	bn:00090662v	Verb Group
bn:00090675v	bn:00085614v	Verb Group
bn:00090684v	bn:00090685v	Verb Group
bn:00090685v	bn:00090684v	Verb Group
bn:00090695v	bn:00088609v	Verb Group
bn:00090697v	bn:00085890v	Verb Group
bn:00090699v	bn:00088244v	Verb Group
bn:00090704v	bn:00088133v	Verb Group
bn:00090713v	bn:00095624v	Verb Group
bn:00090732v	bn:00090733v	Verb Group
bn:00090733v	bn:00090732v	Verb Group
bn:00090736v	bn:00083589v	Verb Group
bn:00090752v	bn:00090753v	Verb Group
bn:00090753v	bn:00090752v	Verb Group
bn:00090753v	bn:00090754v	Verb Group
bn:00090754v	bn:00090753v	Verb Group
bn:00090774v	bn:00090775v	Verb Group
bn:00090775v	bn:00090774v	Verb Group
bn:00090780v	bn:00090782v	Verb Group
bn:00090782v	bn:00090780v	Verb Group
bn:00090943v	bn:00095511v	Verb Group
bn:00090949v	bn:00082313v	Verb Group
bn:00090962v	bn:00095101v	Verb Group
bn:00090980v	bn:00087409v	Verb Group
bn:00090986v	bn:00087146v	Verb Group
bn:00091014v	bn:00091015v	Verb Group
bn:00091015v	bn:00091014v	Verb Group
bn:00091046v	bn:00086134v	Verb Group
bn:00091050v	bn:00095473v	Verb Group
bn:00091082v	bn:00091083v	Verb Group
bn:00091083v	bn:00091082v	Verb Group
bn:00091131v	bn:00085692v	Verb Group
bn:00091159v	bn:00091160v	Verb Group
bn:00091160v	bn:00091159v	Verb Group
bn:00091205v	bn:00082386v	Verb Group
bn:00091354v	bn:00083848v	Verb Group
bn:00091363v	bn:00091364v	Verb Group
bn:00091364v	bn:00091363v	Verb Group
bn:00091364v	bn:00093205v	Verb Group
bn:00091399v	bn:00088376v	Verb Group
bn:00091497v	bn:00088245v	Verb Group
bn:00091566v	bn:00091567v	Verb Group
bn:00091567v	bn:00091566v	Verb Group
bn:00091569v	bn:00091570v	Verb Group
bn:00091570v	bn:00091569v	Verb Group
bn:00091585v	bn:00088192v	Verb Group
bn:00091597v	bn:00087266v	Verb Group
bn:00091652v	bn:00089349v	Verb Group
bn:00091683v	bn:00094275v	Verb Group
bn:00091698v	bn:00083419v	Verb Group
bn:00091708v	bn:00087599v	Verb Group
bn:00091709v	bn:00091722v	Verb Group
bn:00091710v	bn:00091712v	Verb Group
bn:00091710v	bn:00091713v	Verb Group
bn:00091711v	bn:00091716v	Verb Group
bn:00091712v	bn:00091710v	Verb Group
bn:00091713v	bn:00091710v	Verb Group
bn:00091715v	bn:00091729v	Verb Group
bn:00091716v	bn:00091711v	Verb Group
bn:00091717v	bn:00082287v	Verb Group
bn:00091718v	bn:00091723v	Verb Group
bn:00091719v	bn:00082294v	Verb Group
bn:00091720v	bn:00091731v	Verb Group
bn:00091720v	bn:00091732v	Verb Group
bn:00091722v	bn:00091709v	Verb Group
bn:00091723v	bn:00087823v	Verb Group
bn:00091723v	bn:00091718v	Verb Group
bn:00091723v	bn:00093174v	Verb Group
bn:00091727v	bn:00082294v	Verb Group
bn:00091729v	bn:00083450v	Verb Group
bn:00091729v	bn:00091715v	Verb Group
bn:00091730v	bn:00087599v	Verb Group
bn:00091731v	bn:00087599v	Verb Group
bn:00091731v	bn:00091720v	Verb Group
bn:00091732v	bn:00087599v	Verb Group
bn:00091732v	bn:00091720v	Verb Group
bn:00091736v	bn:00091737v	Verb Group
bn:00091737v	bn:00091736v	Verb Group
bn:00091738v	bn:00087839v	Verb Group
bn:00091746v	bn:00086519v	Verb Group
bn:00091764v	bn:00091765v	Verb Group
bn:00091765v	bn:00091764v	Verb Group
bn:00091777v	bn:00090216v	Verb Group
bn:00091780v	bn:00083527v	Verb Group
bn:00091795v	bn:00084813v	Verb Group
bn:00091806v	bn:00091807v	Verb Group
bn:00091807v	bn:00091806v	Verb Group
bn:00091807v	bn:00091808v	Verb Group
bn:00091808v	bn:00091807v	Verb Group
bn:00091841v	bn:00091843v	Verb Group
bn:00091843v	bn:00091841v	Verb Group
bn:00091848v	bn:00091849v	Verb Group
bn:00091849v	bn:00091848v	Verb Group
bn:00091854v	bn:00088722v	Verb Group
bn:00091858v	bn:00091859v	Verb Group
bn:00091859v	bn:00091858v	Verb Group
bn:00091895v	bn:00089631v	Verb Group
bn:00091905v	bn:00091907v	Verb Group
bn:00091907v	bn:00091905v	Verb Group
bn:00091914v	bn:00091915v	Verb Group
bn:00091915v	bn:00091914v	Verb Group
bn:00091953v	bn:00091954v	Verb Group
bn:00091954v	bn:00091953v	Verb Group
bn:00091972v	bn:00086736v	Verb Group
bn:00091972v	bn:00089060v	Verb Group
bn:00092035v	bn:00088480v	Verb Group
bn:00092043v	bn:00092044v	Verb Group
bn:00092044v	bn:00092043v	Verb Group
bn:00092045v	bn:00092046v	Verb Group
bn:00092046v	bn:00092045v	Verb Group
bn:00092061v	bn:00092062v	Verb Group
bn:00092062v	bn:00092061v	Verb Group
bn:00092067v	bn:00092068v	Verb Group
bn:00092068v	bn:00092067v	Verb Group
bn:00092081v	bn:00092082v	Verb Group
bn:00092082v	bn:00092081v	Verb Group
bn:00092092v	bn:00092093v	Verb Group
bn:00092093v	bn:00092092v	Verb Group
bn:00092107v	bn:00092108v	Verb Group
bn:00092108v	bn:00092107v	Verb Group
bn:00092123v	bn:00085489v	Verb Group
bn:00092137v	bn:00092139v	Verb Group
bn:00092138v	bn:00087234v	Verb Group
bn:00092139v	bn:00092137v	Verb Group
bn:00092145v	bn:00087237v	Verb Group
bn:00092147v	bn:00087255v	Verb Group
bn:00092159v	bn:00083263v	Verb Group
bn:00092190v	bn:00092191v	Verb Group
bn:00092191v	bn:00092190v	Verb Group
bn:00092198v	bn:00088456v	Verb Group
bn:00092198v	bn:00092200v	Verb Group
bn:00092200v	bn:00092198v	Verb Group
bn:00092203v	bn:00094944v	Verb Group
bn:00092211v	bn:00092817v	Verb Group
bn:00092226v	bn:00087128v	Verb Group
bn:00092274v	bn:00094891v	Verb Group
bn:00092309v	bn:00092310v	Verb Group
bn:00092310v	bn:00092309v	Verb Group
bn:00092343v	bn:00092922v	Verb Group
bn:00092360v	bn:00087905v	Verb Group
bn:00092360v	bn:00090248v	Verb Group
bn:00092363v	bn:00084145v	Verb Group
bn:00092424v	bn:00092425v	Verb Group
bn:00092424v	bn:00092426v	Verb Group
bn:00092425v	bn:00092424v	Verb Group
bn:00092426v	bn:00092424v	Verb Group
bn:00092428v	bn:00092429v	Verb Group
bn:00092429v	bn:00092428v	Verb Group
bn:00092429v	bn:00092432v	Verb Group
bn:00092432v	bn:00092429v	Verb Group
bn:00092443v	bn:00087701v	Verb Group
bn:00092443v	bn:00093435v	Verb Group
bn:00092447v	bn:00092448v	Verb Group
bn:00092448v	bn:00092447v	Verb Group
bn:00092506v	bn:00092651v	Verb Group
bn:00092509v	bn:00092510v	Verb Group
bn:00092510v	bn:00092509v	Verb Group
bn:00092515v	bn:00092516v	Verb Group
bn:00092516v	bn:00092515v	Verb Group
bn:00092530v	bn:00092531v	Verb Group
bn:00092531v	bn:00092530v	Verb Group
bn:00092541v	bn:00092676v	Verb Group
bn:00092541v	bn:00092679v	Verb Group
bn:00092552v	bn:00085750v	Verb Group
bn:00092631v	bn:00092632v	Verb Group
bn:00092632v	bn:00092631v	Verb Group
bn:00092636v	bn:00092983v	Verb Group
bn:00092639v	bn:00092640v	Verb Group
bn:00092640v	bn:00092639v	Verb Group
bn:00092647v	bn:00092650v	Verb Group
bn:00092650v	bn:00092647v	Verb Group
bn:00092651v	bn:00092506v	Verb Group
bn:00092661v	bn:00086943v	Verb Group
bn:00092662v	bn:00095139v	Verb Group
bn:00092676v	bn:00092541v	Verb Group
bn:00092679v	bn:00092541v	Verb Group
bn:00092685v	bn:00092686v	Verb Group
bn:00092686v	bn:00092685v	Verb Group
bn:00092753v	bn:00092754v	Verb Group
bn:00092754v	bn:00092753v	Verb Group
bn:00092759v	bn:00088121v	Verb Group
bn:00092816v	bn:00092817v	Verb Group
bn:00092817v	bn:00092211v	Verb Group
bn:00092817v	bn:00092816v	Verb Group
bn:00092879v	bn:00083774v	Verb Group
bn:00092899v	bn:00084018v	Verb Group
bn:00092900v	bn:00084018v	Verb Group
bn:00092916v	bn:00094585v	Verb Group
bn:00092922v	bn:00092343v	Verb Group
bn:00092923v	bn:00085385v	Verb Group
bn:00092926v	bn:00092927v	Verb Group
bn:00092927v	bn:00092926v	Verb Group
bn:00092941v	bn:00083842v	Verb Group
bn:00092941v	bn:00092945v	Verb Group
bn:00092945v	bn:00092941v	Verb Group
bn:00092961v	bn:00092962v	Verb Group
bn:00092962v	bn:00092961v	Verb Group
bn:00092963v	bn:00092964v	Verb Group
bn:00092964v	bn:00092963v	Verb Group
bn:00092964v	bn:00092965v	Verb Group
bn:00092965v	bn:00092964v	Verb Group
bn:00092983v	bn:00092636v	Verb Group
bn:00092986v	bn:00092987v	Verb Group
bn:00092987v	bn:00092986v	Verb Group
bn:00092995v	bn:00093076v	Verb Group
bn:00093013v	bn:00093019v	Verb Group
bn:00093014v	bn:00087336v	Verb Group
bn:00093014v	bn:00093019v	Verb Group
bn:00093014v	bn:00093021v	Verb Group
bn:00093019v	bn:00093013v	Verb Group
bn:00093019v	bn:00093014v	Verb Group
bn:00093021v	bn:00093014v	Verb Group
bn:00093039v	bn:00093040v	Verb Group
bn:00093040v	bn:00093039v	Verb Group
bn:00093049v	bn:00090219v	Verb Group
bn:00093049v	bn:00095648v	Verb Group
bn:00093049v	bn:00095650v	Verb Group
bn:00093063v	bn:00084726v	Verb Group
bn:00093071v	bn:00095525v	Verb Group
bn:00093072v	bn:00093073v	Verb Group
bn:00093073v	bn:00093072v	Verb Group
bn:00093076v	bn:00092995v	Verb Group
bn:00093089v	bn:00088640v	Verb Group
bn:00093089v	bn:00093097v	Verb Group
bn:00093097v	bn:00093089v	Verb Group
bn:00093109v	bn:00093114v	Verb Group
bn:00093114v	bn:00093109v	Verb Group
bn:00093119v	bn:00093120v	Verb Group
bn:00093119v	bn:00093122v	Verb Group
bn:00093120v	bn:00093119v	Verb Group
bn:00093122v	bn:00093119v	Verb Group
bn:00093170v	bn:00093181v	Verb Group
bn:00093171v	bn:00093183v	Verb Group
bn:00093171v	bn:00093185v	Verb Group
bn:00093172v	bn:00088629v	Verb Group
bn:00093174v	bn:00091723v	Verb Group
bn:00093176v	bn:00086793v	Verb Group
bn:00093179v	bn:00089521v	Verb Group
bn:00093181v	bn:00093170v	Verb Group
bn:00093183v	bn:00093171v	Verb Group
bn:00093185v	bn:00093171v	Verb Group
bn:00093186v	bn:00090163v	Verb Group
bn:00093196v	bn:00093198v	Verb Group
bn:00093197v	bn:00093899v	Verb Group
bn:00093198v	bn:00093196v	Verb Group
bn:00093205v	bn:00091364v	Verb Group
bn:00093230v	bn:00084157v	Verb Group
bn:00093266v	bn:00093267v	Verb Group
bn:00093267v	bn:00093266v	Verb Group
bn:00093287v	bn:00093291v	Verb Group
bn:00093289v	bn:00093293v	Verb Group
bn:00093291v	bn:00093287v	Verb Group
bn:00093293v	bn:00093289v	Verb Group
bn:00093344v	bn:00093345v	Verb Group
bn:00093345v	bn:00093344v	Verb Group
bn:00093402v	bn:00089029v	Verb Group
bn:00093405v	bn:00093406v	Verb Group
bn:00093406v	bn:00093405v	Verb Group
bn:00093413v	bn:00093776v	Verb Group
bn:00093419v	bn:00082351v	Verb Group
bn:00093423v	bn:00093463v	Verb Group
bn:00093427v	bn:00093428v	Verb Group
bn:00093428v	bn:00093427v	Verb Group
bn:00093429v	bn:00090574v	Verb Group
bn:00093430v	bn:00084662v	Verb Group
bn:00093430v	bn:00093437v	Verb Group
bn:00093431v	bn:00093434v	Verb Group
bn:00093432v	bn:00093433v	Verb Group
bn:00093433v	bn:00093432v	Verb Group
bn:00093434v	bn:00093431v	Verb Group
bn:00093435v	bn:00092443v	Verb Group
bn:00093437v	bn:00093430v	Verb Group
bn:00093447v	bn:00089768v	Verb Group
bn:00093463v	bn:00093423v	Verb Group
bn:00093472v	bn:00093473v	Verb Group
bn:00093473v	bn:00086333v	Verb Group
bn:00093473v	bn:00093472v	Verb Group
bn:00093475v	bn:00083456v	Verb Group
bn:00093504v	bn:00082897v	Verb Group
bn:00093509v	bn:00093514v	Verb Group
bn:00093510v	bn:00093513v	Verb Group
bn:00093511v	bn:00088630v	Verb Group
bn:00093512v	bn:00082867v	Verb Group
bn:00093513v	bn:00093510v	Verb Group
bn:00093514v	bn:00093509v	Verb Group
bn:00093543v	bn:00093544v	Verb Group
bn:00093544v	bn:00093543v	Verb Group
bn:00093554v	bn:00093555v	Verb Group
bn:00093555v	bn:00093554v	Verb Group
bn:00093740v	bn:00089806v	Verb Group
bn:00093757v	bn:00093759v	Verb Group
bn:00093759v	bn:00093757v	Verb Group
bn:00093769v	bn:00088948v	Verb Group
bn:00093776v	bn:00093413v	Verb Group
bn:00093776v	bn:00093778v	Verb Group
bn:00093778v	bn:00093776v	Verb Group
bn:00093899v	bn:00086958v	Verb Group
bn:00093899v	bn:00093197v	Verb Group
bn:00093926v	bn:00086289v	Verb Group
bn:00093973v	bn:00093974v	Verb Group
bn:00093974v	bn:00093973v	Verb Group
bn:00093981v	bn:00089056v	Verb Group
bn:00094023v	bn:00094024v	Verb Group
bn:00094023v	bn:00094025v	Verb Group
bn:00094024v	bn:00094023v	Verb Group
bn:00094024v	bn:00094025v	Verb Group
bn:00094025v	bn:00094023v	Verb Group
bn:00094025v	bn:00094024v	Verb Group
bn:00094035v	bn:00094036v	Verb Group
bn:00094036v	bn:00094035v	Verb Group
bn:00094123v	bn:00082976v	Verb Group
bn:00094149v	bn:00094150v	Verb Group
bn:00094150v	bn:00094149v	Verb Group
bn:00094173v	bn:00094174v	Verb Group
bn:00094174v	bn:00094173v	Verb Group
bn:00094248v	bn:00094249v	Verb Group
bn:00094249v	bn:00094248v	Verb Group
bn:00094251v	bn:00083621v	Verb Group
bn:00094275v	bn:00091683v	Verb Group
bn:00094303v	bn:00088029v	Verb Group
bn:00094323v	bn:00094324v	Verb Group
bn:00094323v	bn:00094325v	Verb Group
bn:00094324v	bn:00094323v	Verb Group
bn:00094325v	bn:00094323v	Verb Group
bn:00094348v	bn:00094349v	Verb Group
bn:00094349v	bn:00094348v	Verb Group
bn:00094354v	bn:00082344v	Verb Group
bn:00094354v	bn:00094355v	Verb Group
bn:00094354v	bn:00094356v	Verb Group
bn:00094355v	bn:00094354v	Verb Group
bn:00094356v	bn:00094354v	Verb Group
bn:00094357v	bn:00094358v	Verb Group
bn:00094358v	bn:00094357v	Verb Group
bn:00094371v	bn:00085560v	Verb Group
bn:00094378v	bn:00094379v	Verb Group
bn:00094379v	bn:00094378v	Verb Group
bn:00094425v	bn:00094427v	Verb Group
bn:00094426v	bn:00094428v	Verb Group
bn:00094427v	bn:00094425v	Verb Group
bn:00094428v	bn:00094426v	Verb Group
bn:00094428v	bn:00094429v	Verb Group
bn:00094429v	bn:00094428v	Verb Group
bn:00094453v	bn:00085293v	Verb Group
bn:00094456v	bn:00094457v	Verb Group
bn:00094457v	bn:00094456v	Verb Group
bn:00094504v	bn:00088038v	Verb Group
bn:00094517v	bn:00094518v	Verb Group
bn:00094518v	bn:00094517v	Verb Group
bn:00094538v	bn:00094733v	Verb Group
bn:00094541v	bn:00094542v	Verb Group
bn:00094542v	bn:00094541v	Verb Group
bn:00094565v	bn:00084015v	Verb Group
bn:00094570v	bn:00094571v	Verb Group
bn:00094571v	bn:00094570v	Verb Group
bn:00094573v	bn:00082138v	Verb Group
bn:00094574v	bn:00090494v	Verb Group
bn:00094585v	bn:00092916v	Verb Group
bn:00094607v	bn:00094608v	Verb Group
bn:00094608v	bn:00094607v	Verb Group
bn:00094609v	bn:00094610v	Verb Group
bn:00094609v	bn:00094611v	Verb Group
bn:00094610v	bn:00094609v	Verb Group
bn:00094611v	bn:00094609v	Verb Group
bn:00094660v	bn:00084138v	Verb Group
bn:00094704v	bn:00094705v	Verb Group
bn:00094705v	bn:00094704v	Verb Group
bn:00094710v	bn:00094711v	Verb Group
bn:00094711v	bn:00094710v	Verb Group
bn:00094733v	bn:00094538v	Verb Group
bn:00094781v	bn:00095597v	Verb Group
bn:00094814v	bn:00094817v	Verb Group
bn:00094814v	bn:00094818v	Verb Group
bn:00094817v	bn:00094814v	Verb Group
bn:00094818v	bn:00094814v	Verb Group
bn:00094889v	bn:00094891v	Verb Group
bn:00094891v	bn:00092274v	Verb Group
bn:00094891v	bn:00094889v	Verb Group
bn:00094899v	bn:00094900v	Verb Group
bn:00094900v	bn:00094899v	Verb Group
bn:00094908v	bn:00094909v	Verb Group
bn:00094909v	bn:00094908v	Verb Group
bn:00094944v	bn:00092203v	Verb Group
bn:00094991v	bn:00094992v	Verb Group
bn:00094992v	bn:00094991v	Verb Group
bn:00094993v	bn:00094994v	Verb Group
bn:00094994v	bn:00094993v	Verb Group
bn:00095019v	bn:00089997v	Verb Group
bn:00095065v	bn:00095066v	Verb Group
bn:00095066v	bn:00095065v	Verb Group
bn:00095067v	bn:00085223v	Verb Group
bn:00095076v	bn:00095077v	Verb Group
bn:00095077v	bn:00095076v	Verb Group
bn:00095086v	bn:00095120v	Verb Group
bn:00095101v	bn:00090962v	Verb Group
bn:00095108v	bn:00089840v	Verb Group
bn:00095120v	bn:00095086v	Verb Group
bn:00095139v	bn:00092662v	Verb Group
bn:00095141v	bn:00087116v	Verb Group
bn:00095168v	bn:00095169v	Verb Group
bn:00095169v	bn:00095168v	Verb Group
bn:00095233v	bn:00095234v	Verb Group
bn:00095234v	bn:00095233v	Verb Group
bn:00095234v	bn:00095243v	Verb Group
bn:00095238v	bn:00095241v	Verb Group
bn:00095240v	bn:00083294v	Verb Group
bn:00095241v	bn:00095238v	Verb Group
bn:00095243v	bn:00095234v	Verb Group
bn:00095286v	bn:00087648v	Verb Group
bn:00095456v	bn:00095457v	Verb Group
bn:00095457v	bn:00095456v	Verb Group
bn:00095470v	bn:00095471v	Verb Group
bn:00095471v	bn:00095470v	Verb Group
bn:00095472v	bn:00090583v	Verb Group
bn:00095473v	bn:00091050v	Verb Group
bn:00095490v	bn:00095491v	Verb Group
bn:00095491v	bn:00095490v	Verb Group
bn:00095511v	bn:00090943v	Verb Group
bn:00095521v	bn:00095522v	Verb Group
bn:00095522v	bn:00095521v	Verb Group
bn:00095523v	bn:00095524v	Verb Group
bn:00095524v	bn:00095523v	Verb Group
bn:00095525v	bn:00093071v	Verb Group
bn:00095531v	bn:00095829v	Verb Group
bn:00095548v	bn:00087701v	Verb Group
bn:00095564v	bn:00095566v	Verb Group
bn:00095566v	bn:00095564v	Verb Group
bn:00095572v	bn:00095573v	Verb Group
bn:00095573v	bn:00095572v	Verb Group
bn:00095597v	bn:00094781v	Verb Group
bn:00095597v	bn:00095598v	Verb Group
bn:00095597v	bn:00095600v	Verb Group
bn:00095597v	bn:00095604v	Verb Group
bn:00095597v	bn:00095605v	Verb Group
bn:00095598v	bn:00095597v	Verb Group
bn:00095598v	bn:00095605v	Verb Group
bn:00095599v	bn:00095601v	Verb Group
bn:00095600v	bn:00095597v	Verb Group
bn:00095601v	bn:00095599v	Verb Group
bn:00095604v	bn:00095597v	Verb Group
bn:00095605v	bn:00095597v	Verb Group
bn:00095605v	bn:00095598v	Verb Group
bn:00095624v	bn:00084629v	Verb Group
bn:00095624v	bn:00090713v	Verb Group
bn:00095627v	bn:00095628v	Verb Group
bn:00095628v	bn:00095627v	Verb Group
bn:00095642v	bn:00082375v	Verb Group
bn:00095645v	bn:00095651v	Verb Group
bn:00095646v	bn:00090219v	Verb Group
bn:00095648v	bn:00093049v	Verb Group
bn:00095650v	bn:00093049v	Verb Group
bn:00095650v	bn:00095656v	Verb Group
bn:00095651v	bn:00095645v	Verb Group
bn:00095652v	bn:00090221v	Verb Group
bn:00095656v	bn:00095650v	Verb Group
bn:00095659v	bn:00095660v	Verb Group
bn:00095660v	bn:00095659v	Verb Group
bn:00095661v	bn:00095662v	Verb Group
bn:00095662v	bn:00095661v	Verb Group
bn:00095701v	bn:00090319v	Verb Group
bn:00095803v	bn:00095805v	Verb Group
bn:00095805v	bn:00095803v	Verb Group
bn:00095812v	bn:00087128v	Verb Group
bn:00095813v	bn:00087128v	Verb Group
bn:00095814v	bn:00090571v	Verb Group
bn:00095816v	bn:00090120v	Verb Group
bn:00095817v	bn:00088629v	Verb Group
bn:00095817v	bn:00095818v	Verb Group
bn:00095818v	bn:00095817v	Verb Group
bn:00095819v	bn:00087878v	Verb Group
bn:00095819v	bn:00095820v	Verb Group
bn:00095820v	bn:00095819v	Verb Group
bn:00095826v	bn:00087512v	Verb Group
bn:00095828v	bn:00084373v	Verb Group
bn:00095829v	bn:00095531v	Verb Group
bn:00095841v	bn:00085722v	Verb Group
bn:00095846v	bn:00085722v	Verb Group
bn:00095847v	bn:00087382v	Verb Group
bn:00095848v	bn:00087382v	Verb Group
